park_id,name,address,district,latitude,longitude
tdcp10,Aberdeen Car Park,"18 Aberdeen Reservoir Road, Aberdeen, Hong Kong",Southern,22.2502727,114.156618
tdc2p1,AIRPORT CAR PARK 1 (HOURLY),"CHEONG SHUN ROAD, Islands District, New Territories",Islands,22.3132234,113.9366562
tdc2p4,AIRPORT CAR PARK 4,"GF-L5, 11 CHEONG TAT ROAD, Hong Kong International Airport, Islands District, New Territories",Islands,22.3175133,113.9344983
tdc121p1,Airside,"2 Concorde Road, Kai Tak, Kowloon, Hong Kong",Kowloon City,22.3311701,114.1983395
104,AIRSIDE,"AIRSIDE, 2 Concorde Road, Kai Tak, San Po Kong, KLN",Wong Tai Sin District,22.3312409,114.198246
125,Arena Carpark,"Kai Tak Sport Park, 38-39 Shing Kai Road, Kowloon, Hong Kong, Kowloon City, KLN",Kowloon City District,22.3254501,114.1966957
tdc17p2,Art Park Car Park,"West Kowloon Cultural District, No.36 Museum Drive, Kowloon, Hong Kong",Yau Tsim Mong,22.3010919,114.1578918
tdc14p8502,Butterfly Car Park,"Butterfly Plaza, 1 Wu Chui Road, Tuen Mun, New Territories",Tuen Mun,22.3756797,113.963193
tdc183p1,Car Park at the park located east of Fan Kam Road,"No. 650 Fan Kam Road, Sheung Shui",North,22.4949528,114.1213413
tdc25p40,Chai Wan Industrial City Phase I,"60 Wing Tai Road, Chai Wan, Hong Kong",Eastern,22.2678318,114.2426071
tdc25p41,Chai Wan Industrial City Phase II,"70 Wing Tai Road, Chai Wan, Hong Kong",Eastern,22.2682381,114.2423859
tdc14p6608,Cheung Fat Car Park,"Cheung Fat Plaza, 6 Tam Kon Shan Road, Tsing Yi, New Territories",Kwai Tsing,22.3624806,114.1032916
tdc14p6610,Cheung On Phase 1 Car Park,"Cheung On Estate Retail and Car Park, 1 Tam Kon Shan Road, Tsing Yi, New Territories",Kwai Tsing,22.361,114.101831
tdc14p6611,Cheung On Phase 2 Car Park,"Cheung On Estate Retail and Car Park, 1 Tam Kon Shan Road, Tsing Yi, New Territories",Kwai Tsing,22.360484,114.104416
tdc10p3,Cheung Sha Wan Government Offices Car Park,"303 Cheung Sha Wan Road, Kowloon",Sham Shui Po,22.3317591,114.1603645
tdc14p2116,Cheung Wah Car Park A,"Cheung Wah Shopping Centre, 38 San Wan Road, Fanling, New Territories",North,22.493288,114.142545
tdc14p2117,Cheung Wah Car Park B,"Cheung Wah Shopping Centre, 38 San Wan Road, Fanling, New Territories",North,22.4930881,114.1401859
tdc14p6645,Cheung Wang Car Park,"Cheung Wang Estate Retail and Car Park, 9 Liu To Road, Tsing Yi, New Territories",Kwai Tsing,22.3571458,114.0956422
tdstt69,Chi Wa Lane Car Park,"Chi Wa Lane, Fanling, New Territories",North,22.4909575,114.1321767
tdc14p6620,Ching Wah Car Park,"Ching Wah Court Retail and Car Park, 22 Tsing Chin Street, Tsing Yi, New Territories",Kwai Tsing,22.349081,114.099421
tdc14p6609,Ching Wang Court Car Park,"Ching Wang Court Car Park, 1 Nga Ying Chau Street, Tsing Yi,  New Territories",Kwai Tsing,22.3619072,114.1044208
tdc129p2,Choi Hing Court Car Park,"1 CHOI SING LANE,Ngau Tau Kok,Kowloon",Kwun Tong,22.3315848,114.2135345
tdc14p1004,Choi Ming Car Park 1,"Choi Ming Shopping Centre, 1 Choi Ming Street, Tiu Keng Leng, Tseung Kwan O, New Territories",Sai Kung,22.30666,114.252446
tdc14p1005,Choi Ming Car Park 2,"Choi Ming Shopping Centre, 1 Choi Ming Street, Tiu Keng Leng, Tseung Kwan O, New Territories",Sai Kung,22.308972,114.255308
tdc14p7732,Choi Wan Car Park A,"Choi Wan Commercial Complex, 45 Clear Water Bay Road, Ngau Chi Wan, Kowloon",Wong Tai Sin,22.3328261,114.2145375
tdc14p7733,Choi Wan Car Park B & C,"Choi Wan Commercial Complex, 45 Clear Water Bay Road, Ngau Chi Wan, Kowloon",Wong Tai Sin,22.3343453,114.2142229
tdc129p3,Choi Ying Estate Car Park,"79 Choi Ha Road, Ngau Tau Kok,Kowloon",Sham Shui Po,22.3282364,114.2143961
tdc14p2118,Choi Yuen Car Park A,"Choi Yuen Plaza, 8 Choi Yuen Road, Sheung Shui, New Territories",North,22.500856,114.126642
tdc14p2120,Choi Yuen Car Park C,"Choi Yuen Plaza, 8 Choi Yuen Road, Sheung Shui, New Territories",North,22.500147,114.126765
tdstt117,Chong San Road Car Park,"Chong San Road, Tai Po, New Territories",Tai Po,22.4351452,114.2009912
tdc14p5528,Chuk Yuen (S) Car Park,"Chuk Yuen Plaza, 15 Chuk Yuen Road, Wong Tai Sin, Kowloon",Wong Tai Sin,22.3439535,114.1941648
tdc14p2101,Chung On Car Park,"Chung On Shopping Centre, 632 Sai Sha Road, Ma On Shan, Sha Tin, New Territories",Sha Tin,22.42166,114.226755
tdcp5,City Hall Car Park,"1 Edinburgh Place, Central, Hong Kong",Central & Western,22.2819106,114.1621397
tdc49p4,Citygate P1 Carpark,"18 Tat Tung Road, Tung Chung",Islands,22.2902658,113.9405317
tdc49p2,Citygate P2 Carpark,"20 Tat Tung Road, Tung Chung",Islands,22.289947,113.9411584
tdc49p1,Citygate P3 Carpark,"39 Man Tung Road, Tung Chung",Islands,22.2909808,113.9433026
tdc25p42,Cornell Centre,"50 Wing Tai Road, Chai Wan, Hong Kong",Eastern,22.2674599,114.2428436
tdc58p4,Cornwall Street Park,"17 Cornwall Street, Kowloon Tong",Sham Shui Po,22.3396225,114.1736018
tdc73p1,Crocodile Centre,"79 Hoi Yuen Road, Kwun Tong, Kowloon",Kwun Tong,22.3117331,114.2257067
tdc113p1,Cyberport Carpark 1 & 2,"100 Cyberport Rd, Telegraph Bay, Southern District",Southern,22.2620756,114.1301711
tdc113p2,Cyberport Carpark 3,"100 Cyberport Rd, Telegraph Bay, Southern District",Southern,22.2595958,114.131693
38,Domain Carpark,"LG1, Domain, 38 Ko Chiu Road, Yau Tong, KLN",Kwun Tong District,22.2959808,114.2386937
tdc8p10,ELEMENTS Carpark,"1 AUSTIN ROAD WEST, Yau Tsim Mong District, Kowloon",Yau Tsim Mong,22.3049324,114.1615793
tdc69p1,Fanling Swimming Pool,"73 San Wan Road, Fanling",North,22.4954032,114.1356842
tdstt65,Fo Shing Road Car Park,"Fo Shing Road,Tai Po, New Territories",Tai Po,22.430854,114.2031676
tdc14p4330,Fu Heng Car Park A,"Fu Heng Shopping Centre, 6 Chung Nga Road, Tai Po, New Territories",Tai Po,22.4587303,114.1710925
tdc14p4322,Fu Shin Car Park,"Fu Shin Shopping Centre, 12 On Po Road, Tai Po, New Territories",Tai Po,22.453548,114.174143
tdc14p3527,Fu Tai Car Park,"Fu Tai Shopping Centre, 9 Tuen Kwai Road, Tuen Mun, New Territories",Tuen Mun,22.413938,113.9837151
tdc14p6730,Fu Tung Car Park A,"Fu Tung Plaza, 6 Fu Tung Street, Tung Chung, New Territories",Islands,22.286571,113.942254
tdc14p7645,Fung Lai Car Park,"Fung Lai Court Car Park, 8 Fung Lai Road, Diamond Hill,  Kowloon",Wong Tai Sin,22.3444157,114.202179
tdc14p7629,Fung Tak Car Park A,"Fung Tak Shopping Centre, 111 Fung Tak Road, Diamond Hill, Kowloon",Wong Tai Sin,22.3442902,114.201173
tdc271p1,Hammer Hill Road Sports Ground Car Park,"Wing Ting Road, Wong Tai Sin, Kowloon",Wong Tai Sin,22.337606,114.2074562
tdc272p1,Hammer Hill Road Swimming Pool Car Park,"Wing Ting Road, Wong Tai Sin, Kowloon",Wong Tai Sin,22.3374249,114.2070296
tdc14p2104,Heng On Car Park,"Heng On Commercial Centre, 1 Hang Kam Street, Ma On Shan, Sha Tin, New Territories",Sha Tin,22.416621,114.228137
tdc25p44,Hewlett Centre,"54 Hoi Yuen Road, Kwun Tong, Kowloon",Kwun Tong,22.3096221,114.2242556
tdc14p3201,Hin Keng Car Park,"Hin Keng Shopping Centre, 69 Che Kung Miu Road, Tai Wai, Sha Tin, New Territories",Sha Tin,22.364076,114.172507
tdc81p1,Hing Fong Road Playground,"Hing Fong Road, Kwai Chung",Kwai Tsing,22.3608465,114.1281536
tdc14p1017,Hing Tung Car Park,"Hing Tung Shopping Centre, 55 Yiu Hing Road, Shau Kei Wan, Hong Kong",Eastern,22.2804899,114.2200719
tdc14p1034,Hing Wah Car Park B,"Hing Wah Plaza, 11 Wan Tsui Road, Chai Wan, Hong Kong",Eastern,22.26303,114.2351
tdc14p6607,Hiu Lai Car Park,"Hiu Lai Shopping Centre, 21 Hiu Kwong Street, Kwun Tong, Kowloon",Kwun Tong,22.3208395,114.2294513
tdc14p8428,Hoi Fu Car Park,"Hoi Fu Shopping Centre, 2 Hoi Ting Road, Mong Kok, Kowloon",Yau Tsim Mong,22.31575,114.165453
tdstt46,Hoi Shing Road NEVAS Smart Car Park,"At Junction of Hoi Shing Road and Hoi Kok Street, Tsuen Wan",Tsuen Wan,22.3715534,114.1081085
tdstt30,Hoi Ting Road,"Hoi Ting Road, Yau Ma Tei, Kowloon",Yau Tsim Mong,22.3140129,114.1627666
tdstt132,Hoi Tou Car Park,"Hoi Wah Road, Tuen Mun, New Territories",Tuen Mun,22.3815012,113.9759981
tdstt100,Hoi Wah Road (II) Car Park,"Hoi Wah Road, Area 16, Tuen Mun, New Territories",Tuen Mun,22.3814211,113.9739293
tdstt127,Hoi Yu Street (GOLDWAY PARKING LIMITED),"Hoi Yu Street, Quarry Bay, Hong Kong",Eastern,22.2901307,114.2147027
tdc14p8424,Homantin Car Park,"Homantin Plaza, 80 Fat Kwong Street, Ho Man Tin, Kowloon",Kowloon City,22.3152033,114.1818457
tdc14p4336,Hong Keung Car Park,"Hong Keung Court Car Park, 23 Heng Lam Street, Wang Tau Hom,  Kowloon",Wong Tai Sin,22.337244,114.1900101
tdc139p1,Hong King Garden Parking,"No.26 Tsing Sin Street, Tuen Mun",Tuen Mun,22.385481,113.9799925
tdc117p1,Hong Kong Palace Museum Car Park,"8 Museum Drive, HKPM, WKCD, Kowloon, Hong Kong",Yau Tsim Mong,22.3015927,114.1555426
tdc38p1,Hong Kong Tennis Centre,"133, Wong Nai Chung Gap Road, Wan Chai, Hong Kong",Wan Chai,22.2597865,114.1921868
tdc15p1,Hong Kong-Zhuhai-Macao Bridge Hong Kong Port car park 1,"Hong Kong-Zhuhai-Macao Bridge Hong Kong Port, Lantau Island, Hong Kong",Islands,22.3165242,113.9524538
tdc15p3,Hong Kong-Zhuhai-Macao Bridge Hong Kong Port car park 3,"Hong Kong-Zhuhai-Macao Bridge Hong Kong Port, Lantau Island, Hong Kong",Islands,22.3148252,113.9531751
tdc53p3,Hong Ning Road Park,"Junction between Hong Ning Road and Wo Hong Path, Kwun Tong, KL",Kwun Tong,22.3203678,114.2246018
93,Hong Ning Road Park Car Park,"Junction of Hong Ning Road and Wo Hong Path, Kwun Tong, KLN",Kwun Tong District,22.320701,114.2247784
tdc14p3431,Hong Pak Car Park,"Hong Pak Court Retail and Car Park, 139 Pik Wan Road, Lam Tin, Kwun Tong, Kowloon",Kwun Tong,22.302487,114.239156
tdc14p3432,Hong Shui Car Park,"Hong Shui Court Retail and Car Park, 133 Pik Wan Road, Lam Tin, Kwun Tong, Kowloon",Kwun Tong,22.301579,114.24035
tdc14p3445,Hong Yat Car Park,"Hong Yat Court Retail and Car Park, 1 Tak Tin Street, Lam Tin, Kwun Tong, Kowloon",Kwun Tong,22.310441,114.23449
tdc6p17,Hung Fuk Estate Carpark,"Hung Fuk Shopping Centre Management Office, G/F, Ancillary Facilities Block, Hung Fuk Estate, Hung Shui Kiu, Yuen Long",Yuen Long,22.4373486,113.9986968
tdc14p8426,Hung Hom Car Park,"Hung Hom Estate Retail and Car Park, 9 Dyer Avenue, Hung Hom, Kowloon",Kowloon City,22.3074135,114.1886405
tdc140p1,Hung Hom Estate Phase II Carpark,"HUNG HOM ESTATE PHASE II CARPARK, 28 DAI  WAN ROAD, HUNG HOM, KOWLOON",Kowloon City,22.3080424,114.1895503
tdc51p2,Island East Sports Centre,"52 Lei King Road, Sai Wan Ho, Hong Kong",Eastern,22.2848702,114.2223587
tdc33p2,Jordan Valley Playground,"18 Choi Ha Road, Ngau Tau Kok",Kwun Tong,22.3250738,114.2190872
tdc53p2,Jordan Valley Swimming Pool,"6 Choi Ha Rd, Ngau Tau Kok",Kwun Tong,22.3235931,114.2182846
tdstt33,Junction of Oi Yee Street and Hing Man Street,"Junction of Oi Yee Street and Hing Man Street, Shau Kei Wan",Eastern,22.2815263,114.2236314
tdstt32,Junction of Tai Chung Kiu Road and On Sum Street,"Junction of Tai Chung Kiu Road and On Sum Street, Sha Tin, New Territories",Sha Tin,22.3928544,114.208165
tdc14p3202,Ka Tin Car Park,"Ka Tin Court Car Park, 2-8 Hin Tin Street, Tai Wai,  Sha Tin, New Territories",Sha Tin,22.3602524,114.1733704
117,Kai Ching Estate Car Park,"12 Muk Hung Street, Kowloon City, KLN",Kowloon City District,22.3315089,114.2027843
tdc93p1,Kai Ching Estate Car Park,"Kai Ching Estate, No.12 Muk Hung Street, Kowloon City, Kowloon",Kowloon City,22.3319782,114.2027626
tdc14p3441,Kai Tin Car Park A,"Kai Tin Shopping Centre, 50 Kai Tin Road, Lam Tin, Kwun Tong, Kowloon",Kwun Tong,22.3072537,114.235424
tdc14p3554,Kai Tin Car Park B,"Kai Tin Shopping Centre, 50 Kai Tin Road, Lam Tin, Kwun Tong, Kowloon",Kwun Tong,22.3089861,114.2343682
tdc8p15,Kam Sheung Road Station Car Park,"No. 29 Kam Ho Road, Kam Tin, Yuen Long, New Territories.",Yuen Long,22.4343472,114.0628808
tdcp7,Kennedy Town Car Park,"12 Rock Hill Street, Kennedy Town, Hong Kong",Central & Western,22.2817896,114.1289778
tdc14p1006,Kin Ming Car Park A,"Kin Ming Estate Car Park, 1 Choi Ming Street, Tiu Keng Leng, Tseung Kwan O, New Territories",Sai Kung,22.306028,114.251108
tdc14p8900,Kin Ming Car Park B,"Kin Ming Estate Car Park, 1 Choi Ming Street, Tiu Keng Leng, Tseung Kwan O, New Territories",Sai Kung,22.3063873,114.2501818
tdc14p3519,Kin Sang Car Park,"Kin Sang Shopping Centre, 3 Leung Wan Street, Tuen Mun, New Territories",Tuen Mun,22.407139,113.969919
tdc14p7646,King Lai Car Park,"King Lai Court Car Park, 36 - 38 Fung Shing Street, Wong Tai Sin,  Kowloon",Wong Tai Sin,22.3414021,114.2106857
tdc247p1,King Shan Court Car Park,32 Fung Shing St,Wong Tai Sin,22.3417317,114.2098078
77,Kingston International Center,"19 Wang Chiu Road, Kowloon Bay, KLN",Kwun Tong District,22.3236155,114.2092492
tdc108p1,Kingston International Centre,"19 Wang Chiu Road, Kowloon Bay",Kwun Tong,22.323615,114.2092785
tdc242p1,Ko Cheung Court Car Park,"No.32 Ko Chiu Road, Yau Tong, Kowloon",Kwun Tong,22.2963205,114.2404502
tdc14p3433,Ko Chun Car Park,"Ko Chun Court Retail and Car Park, 23 Ko Chiu Road, Yau Tong, Kwun Tong, Kowloon",Kwun Tong,22.2980179,114.2422313
tdc236p1,Ko Shan Road Public Vehicle Parking,"Lower Ground Floor, 60, Ko Shan Road, To Kwa Wan",Kowloon City,22.3138157,114.1867739
tdc33p1,Kowloon Bay Park,"11 Kai Lai Road, Kowloon Bay",Kwun Tong,22.3272324,114.207161
tdc74p10,Kowloon Bay Sports Ground A,"No. 1 Kai Lok Street, Kowloon Bay",Kwun Tong,22.3264784,114.2091206
tdc74p11,Kowloon Bay Sports Ground B,"No. 1 Kai Lok Street, Kowloon Bay",Kwun Tong,22.3265962,114.210459
tdc177p1,KTR350 Car Park,"350 Kwun Tong Road, Kwun Tong, Kowloon",Kwun Tong,22.315039,114.2180003
123,KTR350 Car Park,"KWUN TONG ROAD 350, Kwun Tong, KLN",Kwun Tong District,22.3150437,114.2179817
tdcp6,Kwai Fong Car Park,"19 Kwai Yi Road, Kwai Fong",Kwai Tsing,22.3554853,114.1273145
tdc14p6713,Kwai Hong Car Park,"Kwai Hong Court Car Park, 150 Tai Wo Hau Road, Kwai Chung,  New Territories",Kwai Tsing,22.3634034,114.1303542
tdc14p4312,Kwong Fuk Car Park,"Kwong Fuk Commercial Centre, 28 Plover Cove Road, Tai Po, New Territories",Tai Po,22.448533,114.173875
tdstt118,Kwong Fuk Carpark Tai Po Dai Wah Street,"Dai Wah Street, Tai Po, New Territories",Tai Po,22.4534612,114.1794529
tdc74p13,Kwong Fuk Park,"Kwong Chun Street, Tai Po",Tai Po,22.4460424,114.1730658
tdc14p4222,Kwong Yuen Car Park A,"Kwong Yuen Shopping Centre, 68 Siu Lek Yuen Road, Sha Tin, New Territories",Sha Tin,22.381504,114.215424
tdc48p1,Lai Chi Kok Park,"1 Lai Wan Road, Lai Chi Kok, Kowloon",Sham Shui Po,22.3397465,114.1382217
75,Landmark East Carpark,"Landmark East, 100 How Ming Street, Kwun Tong, KLN",Kwun Tong District,22.3126715,114.222284
tdc6p15,Lei Yue Mun Estate,"33, KO Chiu Road, Yau Tong, KLN",Kwun Tong,22.2946053,114.2401428
tdc58p2,Lei Yue Mun Municipal Services Building,"6 Lei Yue Mun Path, Yau Tong",Kwun Tong,22.2922688,114.2388306
tdc14p4223,Lek Yuen Car Park,"Lek Yuen Plaza, 6 Lek Yuen Street, Sha Tin, New Territories",Sha Tin,22.385562,114.191191
tdc14p3512,Leung King Car Park,"Leung King Plaza, 31 Tin King Road, Tuen Mun, New Territories",Tuen Mun,22.406017,113.962654
tdc14p4352,Lok Fu Estate Car Park,"Lok Fu Place, 198 Junction Road, Wang Tau Hom, Kowloon",Wong Tai Sin,22.3352316,114.1869606
tdc14p4334,Lok Fu Market Car Park,"Lok Fu Place, 198 Junction Road, Wang Tau Hom, Kowloon",Wong Tai Sin,22.3393069,114.1870108
tdc14p4332,Lok Fu UNY Car Park,"Lok Fu Place, 198 Junction Road, Wang Tau Hom, Kowloon",Wong Tai Sin,22.3384819,114.1858723
tdc14p4335,Lok Fu Zone B Car Park,"Lok Fu Place, 198 Junction Road, Wang Tau Hom, Kowloon",Wong Tai Sin,22.3371529,114.1875114
tdc14p6641,Lok Wah North Car Park B,"Lok Wah Commercial Centre, 70 Chun Wah Road, Ngau Tau Kwok, Kwun Tong, Kowloon",Kwun Tong,22.3221726,114.2199317
tdc14p6639,Lok Wah South Car Park,"Lok Wah (South) Estate Retail and Car Park, 70 Chun Wah Road, Ngau Tau Kwok, Kwun Tong, Kowloon",Kwun Tong,22.3204728,114.2207439
tdstt77,Lok Wah Street Car Park,"Lok Wah Street, Tsz Wan Shan, Kowloon",Wong Tai Sin,22.3486422,114.2052129
tdc14p4235,Long Ping Car Park B,"Long Ping Commercial Centre, 1 Long Ping Road, Yuen Long, New Territories",Yuen Long,22.450374,114.023061
tdc14p4237,Long Ping Car Park D,"Long Ping Commercial Centre, 1 Long Ping Road, Yuen Long, New Territories",Yuen Long,22.4485013,114.0233111
tdc14p5536,Lower Wong Tai Sin II (Phase 9) Car Park,"Temple Mall South, 103 Ching Tak Street, Wong Tai Sin,  Kowloon",Wong Tai Sin,22.3397331,114.1919022
tdc48p2,Lung Cheung Road Lookout,Lung Cheung Road,Sham Shui Po,22.3430424,114.1712952
tdc14p3204,Lung Hang A Car Park,"Lung Hang Commercial Centre, 1 Tin Sam Street, Tai Wai, Sha Tin, New Territories",Sha Tin,22.3680724,114.1792816
tdc52p1,M+ Car Park,"West Kowloon Cultural District, No.38 Museum Drive, Kowloon, Hong Kong",Yau Tsim Mong,22.301578,114.1596375
tdc63p2,Ma On Shan Swimming Pool,"33 On Chun Street, Ma On Shan, Sha Tin",Sha Tin,22.4268122,114.2287941
tdc14p3216,Mei Lam Car Park,"Mei Lam Commercial Centre, 30 Mei Tin Road, Tai Wai, Sha Tin, New Territories",Sha Tin,22.37805,114.175472
tdstt119,Miu Wo Ngan Shu Street," Ngan Sha Street ,Mui Wo ,Lantau , New Territories",Islands,22.2659517,113.9953729
tdc146p1,Mong Kok Stadium,"37, Flower Market Road, Mong Kok, Kowloon",Yau Tsim Mong,22.3264759,114.1737717
tdc8p3,MTR Hong Kong Station Car Park,"FINANCE STREET, Central & Western District, Hong Kong",Central & Western,22.2859225,114.1575059
tdc8p2,MTR Kowloon Station Car Park,"MTR Kowloon Station, Nga Cheung Road, Yau Ma Tei",Yau Tsim Mong,22.3050137,114.161919
tdc8p12,MTR Maritime Square 2 Car Park,Tsing King Road,Kwai Tsing,22.3599865,114.1076886
tdc8p7,MTR Maritime Square Car Park,"33 TSING KING ROAD, Kwai Tsing District, New Territories",Kwai Tsing,22.3581983,114.1066905
tdc8p11,MTR Ocean Park Station Car Park,"Wong Chuk Hang Road, Southern District, Hong Kong",Southern,22.2487634,114.1744993
tdc8p1,MTR Tsing Yi Station Car Park,"TSING TSUEN ROAD, Kwai Tsing District, New Territories",Kwai Tsing,22.3584153,114.1073312
tdc8p14,MTR Tsuen Wan West Station Car Park,"MTR Tsuen Wan West Station, Tai Ho Road, Tsuen Wan",Tsuen Wan,22.3691947,114.1088743
tdc147p1,Mun Tung Estate Car park,"Mun Tung Estate, Tung Chung",Islands,22.2773601,113.9339203
tdc14p5419,Nam Cheong Place Car Park,"Nam Cheong Place, 19 Sai Chuen Road, Sham Shui Po, Kowloon",Sham Shui Po,22.3289766,114.1532887
tdc76p2,Ngau Chi Wan Park,"No. 71 Fung Shing Street,
Ngau Chi Wan,
Wong Tai Sin, Kowloon",Wong Tai Sin,22.3361969,114.2160339
tdstt4p1,Ngau Pei Sha Street,"Ngau Pei Sha Street, Sha Tin, New Territories",Sha Tin,22.3823284,114.2058283
tdc14p5718,Ning Fung Car Park,"Ning Fung Court Car Park, 99 Lei Muk Road, Kwai Chung,  New Territories",Kwai Tsing,22.372139,114.1383057
tdc67p1,North District Sports Ground,"26 Tin Ping Road, Sheung Shui",North,22.5062122,114.1304703
tdc14p8423,Oi Man Car Park,"Oi Man Plaza, 60 Chung Hau Street, Ho Man Tin, Kowloon",Kowloon City,22.3112762,114.1792853
tdc14p1015,Oi Tung Car Park,"Oi Tung Shopping Centre, 18 Oi Yin Street, Shau Kei Wan, Hong Kong",Eastern,22.280511,114.22719
tdstt11,On Chun Street,"On Chun Street, Ma On Shan, New Territories",Sha Tin,22.4255417,114.2267528
tdc92p1,On Tai Estate Carpark,"G/F., Hang Tai House, On Tai Estate, Kwun Tong",Kwun Tong,22.327028,114.228595
103,One Sky Parc (Wilson Parking),"53 Hung To Road, Kwun Tong, KLN",Kwun Tong District,22.3111392,114.2223215
tdc8p9,Paradise Mall Carpark,"100 SHING TAI ROAD, Eastern District, Hong Kong",Eastern,22.2780009,114.2388966
tdc21p1,Peak Galleria,118 Peak Road,Central & Western,22.2702541,114.1498795
tdc166p1,Phase 1 Carpark of Tin Ching Estate,"Tin Ching Estate (Phase 1 Carpark), Yuen Long, New Territories",Yuen Long,22.4632768,114.0018445
tdc166p2,Phase 2 Carpark of Tin Ching Estate,"Tin Ching Estate (Phase 2 Carpark), Yuen Long, New Territories",Yuen Long,22.4626269,114.0037517
tdstt12,Ping Ha Road,"Ping Ha Road, Ha Tsuen, Yuen Long, New Territories",Yuen Long,22.4459617,113.9963671
tdc14p3443,Ping Tin Phase 2 Car Park,"Ping Tin Shopping Centre, 23 On Tin Street, Lam Tin, Kwun Tong, Kowloon",Kwun Tong,22.3058546,114.237343
tdc14p3444,Ping Tin Phase 4 Car Park,"Ping Tin Shopping Centre, 23 On Tin Street, Lam Tin, Kwun Tong, Kowloon",Kwun Tong,22.3083182,114.2364496
tdc126p1,Ping Yan Carpark,"Ping Yan Court, 65 Ping Ha Street, Tin Shui Wai, N.T.",Yuen Long,22.4459907,114.0042639
tdstt130,Pinnacle Carpark Chui Shin Street,"Chui Shin Street, Area 72, Tseung Kwan O, New Territories",Sai Kung,22.3048414,114.2551389
tdc6p6,Po Heung Estate Car Park,"No.1 Po Heung Street, Tai Po, N.T",Tai Po,22.4468629,114.1652712
tdc76p3,Po Kong Village Road Park,"140 Po Kong Village Road, Diamond Hill, Kowloon",Wong Tai Sin,22.34472,114.2062486
tdc14p5137,Po Lam Car Park,"Po Lam Shopping Centre, 18 Po Lam Road North, Tseung Kwan O, New Territories",Sai Kung,22.326221,114.25467
tdc14p7545,Po Pui Car Park,"Po Pui Court Car Park, Po Pui Street, Kwun Tong,  Kowloon",Kwun Tong,22.3170795,114.2279739
tdc14p6605,Po Tat Car Park A,"Po Tat Shopping Centre, 2 Po Lam Road, Sau Mau Ping, Kwun Tong, Kowloon",Kwun Tong,22.317872,114.236143
tdc14p6606,Po Tat Car Park B and C,"Po Tat Shopping Centre, 2 Po Lam Road, Sau Mau Ping, Kwun Tong, Kowloon",Kwun Tong,22.3166623,114.2377001
tdstt75,Pok Chuen Street Car Park,"Pok Chuen Street, Sha Tin, New Territories",Sha Tin,22.3691967,114.1985827
tdc8p8,Popcorn I Carpark,"9 TONG YIN STREET, Sai Kung District, New Territories",Sai Kung,22.3080187,114.2592228
tdc118p1,Prince of Wales Hospital Hourly Car Park,"2/F Day Treatment Block and Children Wards, 30-32 Ngan Shing Street, Shatin, N.T., Hong Kong",Sha Tin,22.3793387,114.2015131
101,Prosperity Center Car Park,"Prosperity Centre Car Park, 25 Chong Yip Street, Kwun Tong, KLN",Kwun Tong District,22.3141415,114.2195567
tdc50p7,Prosperity Center Car Park,"25 Chong Yip Street, Kwun Tong, Kowloon",Kwun Tong,22.3141415,114.2195567
100,Prosperity Place Car Park,"Prosperity Place Car Park, 6 Shing Yip Street, Kwun Tong, KLN",Kwun Tong District,22.3106079,114.2257385
tdc50p8,Prosperity Place Car Park,"6 Shing Yip Street, Kwun Tong, Kowloon",Kwun Tong,22.3106079,114.2257385
88,"Public Vehicle Parking, 8 Yan Yue Wai, Yau Tong","Public Vehicle Parking, 8 Yan Yue Wai, Yau Tong, KLN",Kwun Tong District,22.292238,114.236683
tdstt59,Pui To Road Car Park,"Pui To Road, Area 10A, Tuen Mun, New Territories",Tuen Mun,22.395068,113.9761461
tdc119,Queen Mary Hospital (Carpark),"102 Pok Fu Lam Road, Hong Kong",Southern,22.2705507,114.1305847
tdcp2,Rumsey Street Car Park,"2 Rumsey Street, Sheung Wan, Hong Kong",Central & Western,22.2874085,114.1532269
tdstt50,Sai Kung Chui Tong Road,"Chui Tong Road, Tui Min Hoi, Sai Kung, New Territories",Sai Kung,22.3787183,114.2683492
tdc10p1,Sai Kung Government Offices Carpark,"Man Nin Street No 24 ,Sai Kung",Sai Kung,22.382026,114.272443
tdstt128,Sai Kung Mei Fuk Street Car Park,Sai Kung Mei Fuk Street,Sai Kung,22.3854433,114.2731013
tdc14p8511,Sam Shing Car Park,"Sam Shing Commercial Centre, 6 Sam Shing Street, Tuen Mun,  New Territories",Tuen Mun,22.380657,113.978527
tdstt15,San On Street,"San On Street, Area 12, Tuen Mun, New Territories",Tuen Mun,22.3934536,113.9703369
tdc14p6603,Sau Mau Ping Phase 1 Car Park,"Sau Mau Ping Shopping Centre, 101 Sau Ming Road, Sau Mau Ping,  Kwun Tong, Kowloon",Kwun Tong,22.3157139,114.2334137
tdc14p6602,Sau Mau Ping Phase 15 Car Park,"Sau Mau Ping Shopping Centre, 101 Sau Ming Road, Sau Mau Ping, Kwun Tong, Kowloon",Kwun Tong,22.3179894,114.2347709
tdc14p6604,Sau Mau Ping Phase 3 Car Park,"Sau Mau Ping (III) Estate Retail and Car Park, Sau Ming Road, Sau Mau Ping, Kwun Tong, Kowloon",Kwun Tong,22.3221155,114.2306351
tdc14p6601,Sau Mau Ping Shopping Centre Car Park,"Sau Mau Ping Shopping Centre, 101 Sau Ming Road, Sau Mau Ping, Kwun Tong, Kowloon",Kwun Tong,22.320031,114.232278
tdc103p1,Science Park Car Park P1,"3 Science and Technology West Ave, Tai Po",Sha Tin,22.4243412,114.2122498
tdc103p2,Science Park Car Park P2,"10 Science and Technology East Ave, Tai Po",Sha Tin,22.4264858,114.211195
tdc103p3,Science Park Car Park P3,"12 Science Park West Avenue, Tai Po",Tai Po,22.427248,114.2093633
102,Scramble Hill (Wilson Parking),"98 How Ming Street, Kwun Tong, KLN",Kwun Tong District,22.3131996,114.2205472
tdstt115,Sha Ho Road,"Sha Ho Road, Sha Tau Kok",North,22.5461606,114.2204761
tdc14p4259,Sha Kok Car Park 1,"Sha Kok Commercial Centre, 5 Sha Kok Street, Sha Tin,  New Territories",Sha Tin,22.3779682,114.1940087
tdc14p4258,Sha Kok Car Park 2,"Sha Kok Commercial Centre, 5 Sha Kok Street, Sha Tin,  New Territories",Sha Tin,22.3780642,114.193879
tdc70p1,Sha Tin Sports Ground & Yuen Wo Playground Car Park,"18 Yuen Wo Road, Sha Tin, N.T.",Sha Tin,22.3869762,114.1962814
tdcp9,Shau Kei Wan Car Park,"1 Po Man Street, Shau Kei Wan, Hong Kong",Eastern,22.2788069,114.2292956
tdc58p3,Shek Kip Mei Park Tennis Court,"270 Nam Cheong Street, Sham Shui Po",Sham Shui Po,22.3386517,114.1699066
tdstt89,Shek Kok Road,"Shek Kok Road, Area 85, Tseung Kwan O, New Territories",Sai Kung,22.2973118,114.2732165
tdcp12,Sheung Fung Street Car Park,"Sheung Fung Street, Wong Tai Sin, Kowloon",Wong Tai Sin,22.343959,114.197059
tdc69p3,Sheung Shui Swimming Pool,"38 Tin Ping Road, Sheung Shui",North,22.5059681,114.1315842
tdc14p1008,Sheung Tak Car Park A,"Sheung Tak Plaza, 2 Tong Ming Street, Tseung Kwan O, New Territories",Sai Kung,22.3116046,114.2601942
tdc14p1012,Sheung Tak Car Park B,"Sheung Tak Plaza, 2 Tong Ming Street, Tseung Kwan O, New Territories",Sai Kung,22.3106911,114.2576423
tdc14p7737,Shun Lee (Jordan Valley Park) Car Park,"Shun Lee Commercial Centre, 15 Lee On Road, Kwun Tong, Kowloon",Kwun Tong,22.3331615,114.224626
tdc14p7740,Shun Lee (Shopping Centre) Car Park,"Shun Lee Commercial Centre, 15 Lee On Road, Kwun Tong, Kowloon",Kwun Tong,22.33008,114.226715
tdc43p1,Shun Lee Tsuen Park,Shun Lee Tsuen Park,Kwun Tong,22.3291781,114.2250832
tdc14p7742,Shun On Car Park,"Shun On Commercial Centre, 1 Lee On Road, Kwun Tong, Kowloon",Kwun Tong,22.3283433,114.2265195
tdc63p3,Siu Lek Yuen Road Playground,"No. 1 Siu Lek Yuen Road, Sha Tin",Sha Tin,22.3869744,114.2057843
tdc14p1031,Siu Sai Wan Phase 1 Car Park,"Siu Sai Wan Plaza, 10 Siu Sai Wan Road, Siu Sai Wan, Hong Kong",Eastern,22.262853,114.248621
tdc14p1030,Siu Sai Wan Phase 3 Car Park,"Siu Sai Wan Plaza, 10 Siu Sai Wan Road, Siu Sai Wan, Hong Kong",Eastern,22.261,114.251273
tdc39p1,Siu Sai Wan Sports Ground,"8 Fu Hong Street, Siu Sai Wan",Eastern,22.2675098,114.2479075
124,Stadium Carpark,"Kai Tak Sport Park, 38-39 Shing Kai Road, Kowloon, Hong Kong, Kowloon City, KLN",Kowloon City District,22.3221699,114.1980958
tdc14p6401,Stanley Plaza Car Park,"Stanley Plaza, 23 Carmel Road, Stanley, Hong Kong",Southern,22.2201162,114.2092065
tdcp8,Star Ferry Car Park,"9 Edinburgh Place, Central, Hong Kong",Central & Western,22.2827546,114.1604398
78,Stelux House,"Stelux House, 698 Prince Edward Road East, San Po Kong, KLN",Wong Tai Sin District,22.3344812,114.1981709
tdc14p3206,Sun Chui Car Park B,"Sun Chui Shopping Centre, 2 Chui Tin Street, Tai Wai, Sha Tin, New Territories",Sha Tin,22.3701349,114.182174
tdc25p37,Sunshine Plaza,"17 Sung On Street, Hung Hom, Kowloon",Kowloon City,22.3118992,114.1891708
tdc14p3306,T Town North Car Park,"Tin Yuet Estate Car Park, 33 & 39 Tin Wah Road, Tin Shui Wai, Yuen Long, New Territories",Yuen Long,22.4622971,113.9993793
tdc14p3304,T Town South Car Park,"T Town, 30 & 33 Tin Wah Road, Tin Shui Wai, Yuen Long, New Territories",Yuen Long,22.4612799,113.9972691
tdc14p3522,Tai Hing - Car Park C,"Tai Hing Commercial Centre, 1 Tai Hing Street, Tuen Mun, New Territories",Tuen Mun,22.401447,113.9701755
tdc14p3521,Tai Hing - Car Park D,"Tai Hing Commercial Centre, 1 Tai Hing Street, Tuen Mun, New Territories",Tuen Mun,22.4038861,113.9712835
tdc14p3520,Tai Hing - Car Park H,"Tai Hing Commercial Centre, 1 Tai Hing Street, Tuen Mun, New Territories",Tuen Mun,22.4025483,113.9707544
tdc9p3,Tai Po Complex Car Park,"No. 8 Heung Sze Wui Street, Tai Po",Tai Po,22.4463482,114.1667175
tdc304p1,Tai Po Mega Mall Multi-Storey Carpark,"No.2, On Pong Road, Tai Po, N.T.",Tai Po,22.4537379,114.1711191
tdc74p14,Tai Po Tung Cheong Street Leisure Building Car Park,"B/F, Tai Po Tung Cheong Street Leisure Building, 25 Tung Cheong Street, Tai Po",Tai Po,22.449688,114.1703021
tdc14p4320,Tai Wo Car Park A,"Tai Wo Plaza, 12 Tai Wo Road, Tai Po, New Territories",Tai Po,22.451409,114.162171
tdc14p4321,Tai Wo Car Park B,"Tai Wo Plaza, 12 Tai Wo Road, Tai Po, New Territories",Tai Po,22.450499,114.16076
tdc14p4327,Tai Yuen Car Park A,"Tai Yuen Commercial Centre, 10 Ting Kok Road, Tai Po, New Territories",Tai Po,22.455049,114.169807
tdc14p4328,Tai Yuen Car Park B,"Tai Yuen Commercial Centre, 10 Ting Kok Road, Tai Po, New Territories",Tai Po,22.454338,114.16771
tdc141p1,Tak Long Estate Carpark A,"Shing Kai Road, Kowloon City, Kowloon",Kowloon City,22.3289298,114.2042938
118,Tak Long Estate Carpark A,"Shing Kai Road, Kowloon City, KLN",Kowloon City District,22.3287996,114.2042971
tdc141p2,Tak Long Estate Carpark B,"Muk Chui Street, Kowloon City, Kowloon",Kowloon City,22.3308722,114.2032878
119,Tak Long Estate Carpark B,"Muk Chui Street, Kowloon City, KLN",Kowloon City District,22.3308936,114.2042488
tdc14p3435,Tak Tin Car Park A,"Tak Tin Plaza, 223 Pik Wan Road, Lam Tin, Kwun Tong, Kowloon",Kwun Tong,22.3093861,114.2385937
tdc14p3436,Tak Tin Car Park B,"Tak Tin Plaza, 223 Pik Wan Road, Lam Tin, Kwun Tong, Kowloon",Kwun Tong,22.3065492,114.2385871
tdc25p35,Technology Park,"18 On Lai Street, Shatin, New Territories",Sha Tin,22.3886776,114.2075806
tdc25p36,Technology Plaza,"29-35 Sha Tsui Road, Tsuen Wan, New Territories",Tsuen Wan,22.3742773,114.1090532
30,Telford Plaza D Carpark,"33 Wai Yip Street, Kowloon Bay, KLN",Kwun Tong District,22.322289,114.2120433
31,Telford Plaza I Carpark,"33 Wai Yip Street, Kowloon Bay, KLN",Kwun Tong District,22.322686,114.2135346
32,Telford Plaza II Carpark,"33 Wai Yip Street, Kowloon Bay, KLN",Kwun Tong District,22.3213561,114.2132664
tdc14p5532,Temple Mall North Car Park,"Temple Mall North, 136 Lung Cheung Road, Wong Tai Sin, Kowloon",Wong Tai Sin,22.3423048,114.1906644
tdc14p5534,Temple Mall South Car Park A,"Temple Mall South, 103 Ching Tak Street, Wong Tai Sin, Kowloon",Wong Tai Sin,22.3409775,114.1952925
tdc14p5535,Temple Mall South Car Park B,"Temple Mall South, 103 Ching Tak Street, Wong Tai Sin, Kowloon",Wong Tai Sin,22.341282,114.19403
128,The Burrow (Wilson Parking),"15-17 Ng Fong Street, San Po Kong, KLN",Wong Tai Sin District,22.3381653,114.199945
tdc38p2,The Jockey Club Tuen Mun Butterfly Beach Sports Centre,"No. 11 Wu Shan Road, Tuen Mun, N.T.",Tuen Mun,22.3787017,113.9647093
tdc8p16,The LOHAS,"1 LOHAS PARK ROAD, TSEUNG KWAN O, N.T. HONG KONG",Sai Kung,22.293985,114.270114
tdc168p1,The Twins Carpark Tower I,"12 Concorde Road, Kai Tak, San Po Kong, Kowloon",Kowloon City,22.3326754,114.2008432
tdc14p3309,Tin Chak Car Park,"Tin Chak Shopping Centre, 71, 73, 75 & 77 Tin Shui Road, Tin Shui Wai, Yuen Long, New Territories",Yuen Long,22.46684,113.997449
tdcp11,Tin Hau Car Park,"Lau Sin Street & Electric Road, Tin Hau",Wan Chai,22.2828822,114.1916651
tdc14p3514,Tin King Car Park,"Tin King Estate Car Park, 10 Tin King Road, Tuen Mun,  New Territories",Tuen Mun,22.4066048,113.9650879
tdc14p4239,Tin Shing Car Park A,"Tin Shing Shopping Centre, 3 Tin Ching Street, Tin Shui Wai, Yuen Long, New Territories",Yuen Long,22.4484879,114.0031705
tdstt66,Tin Shui Wai No 2 Car Park,"Tin Tan Street, Tin Shui Wai, Yuen Long, New Territories",Yuen Long,22.459488,113.995628
tdc14p4246,Tin Tsz Car Park,"Tin Tsz Shopping Centre, 9 Tin Hei Street, Tin Shui Wai, Yuen Long, New Territories",Yuen Long,22.453857,114.008088
tdc14p3303,Tin Wah Car Park,"Tin Wah Estate Retail and Car Park, 21 Tin Tan Street, Tin Shui Wai, Yuen Long, New Territories",Yuen Long,22.46133,113.996161
tdc14p3311,Tin Yat Car Park,"Tin Yat Estate Retail and Car Park, 76 Tin Shui Road, Tin Shui Wai, Yuen Long, New Territories",Yuen Long,22.467847,113.999802
tdc14p4243,Tin Yiu Car Park,"Tin Yiu Plaza, 2 Tin Wu Road, Tin Shui Wai, Yuen Long, New Territories",Yuen Long,22.4513496,114.0027525
tdc74p4,Tiu Keng Leng Sports Centre,"2 Chui Ling Road, Tseung Kwan O",Sai Kung,22.305891,114.254715
tdc14p5129,TKO Gateway Car Park East,"TKO Gateway, 2 Sheung Ning Street, Tseung Kwan O, New Territories",Sai Kung,22.3172612,114.2664216
tdc14p5132,TKO Gateway Car Park South,"TKO Gateway South, 8 Ngan O Road, Tseung Kwan O, New Territories",Sai Kung,22.315847,114.266501
tdc14p5128,TKO Gateway Car Park West,"TKO Gateway, 2 Sheung Ning Street, Tseung Kwan O, New Territories",Sai Kung,22.317634,114.264292
tdc14p1007,Tong Ming Car Park,"Tong Ming Court Retail and Car Park, 15 Tong Ming Street, Tseung Kwan O, New Territories",Sai Kung,22.308864,114.2562165
tdc74p2,Tseung Kwan O Sports Ground,"109 Po Hong Road, Tseung Kwan O",Sai Kung,22.3116283,114.2631607
tdc74p1,Tseung Kwan O Swimming Pool,"9 Wan Lung Road, Tseung Kwan O",Sai Kung,22.3179131,114.2601242
tdstt57p1,Tsing Chin Street Car Park,"Tsing Chin Street, Tsing Yi, New Territories",Kwai Tsing,22.3485992,114.1028474
tdc81p4,Tsing Yi Northeast Park,"10 Tam Kon Shan Road, Tsing Yi",Kwai Tsing,22.361475,114.0986176
tdc81p5,Tsing Yi Sports Ground and Swimming Pool Car Park,"51 Tsing King Road, Tsing Yi",Kwai Tsing,22.3557396,114.1073097
tdcp3,Tsuen Wan Car Park,"174-208 Castle Peak Road, Tsuen Wan, New Territories",Tsuen Wan,22.3728474,114.1186025
tdc14p7542,Tsui Ping North Car Park 1,"Tsui Ping North Shopping Circuit, 18 Tsui Ping Road, Kwun Tong, Kowloon",Kwun Tong,22.3132356,114.2291061
tdc14p7543,Tsui Ping South Car Park,"Tsui Ping South Estate Car Park, 19 Tsui Ping Road, Kwun Tong,  Kowloon",Kwun Tong,22.3128759,114.2309035
tdc14p7628,Tsz Man Car Park,"Tsz Man Estate Car Park, 55 Tsz Wan Shan Road, Tsz Wan Shan,  Kowloon",Wong Tai Sin,22.3481598,114.2028351
tdc14p7623,Tsz Oi Car Park,"Tsz Oi Court Retail and Car Park, 2 Wan Wah Street, Tsz Wan Shan, Kowloon",Wong Tai Sin,22.3494006,114.1996155
tdc14p7622,Tsz Wan Shan SC Car Park A,"Tsz Wan Shan Shopping Centre, 23 Yuk Wah Street, Tsz Wan Shan, Kowloon",Wong Tai Sin,22.3477042,114.2009497
tdc14p7632,Tsz Wan Shan SC Car Park B,"Tsz Wan Shan Shopping Centre, 23 Yuk Wah Street, Tsz Wan Shan, Kowloon",Wong Tai Sin,22.3488625,114.1992859
tdc14p7633,Tsz Wan Shan SC Car Park C,"Tsz Wan Shan Shopping Centre, 23 Yuk Wah Street, Tsz Wan Shan, Kowloon",Wong Tai Sin,22.3468187,114.1991717
tdc14p7636,Tsz Wan Shan SC Car Park D,"Tsz Wan Shan Shopping Centre, 23 Yuk Wah Street, Tsz Wan Shan, Kowloon",Wong Tai Sin,22.3463017,114.1997526
tdc38p3,Tuen Mun North West Swimming Pool,"95 Ming Kum Road, Tuen Mun, N.T.",Tuen Mun,22.4086647,113.9655685
tdc74p6,Tuen Mun Swimming Pool Car Park,"8 Hoi Wong RD, Tuen Mun, New Territories",Tuen Mun,22.3835512,113.969133
tdc25p43,Tuen Mun Town Plaza Phase 2,"3 Tuen Lung Street, Tuen Mun, New Territories",Tuen Mun,22.3938781,113.9764519
tdstt90,Tung Chau Street,"Tung Chau Street, Sham Shui Po",Sham Shui Po,22.3285346,114.1574931
tdstt126,Tung Chung Ying Tung Road Car Park,"89 Ying Tung Road,Tung Chung",Islands,22.2956908,113.9524737
tdc14p4337,Tung Tau II Car Park A,"Tung Tau Estate Retail and Car Park, 183 Tung Tau Tsuen Road, Wong Tai Sin, Kowloon",Wong Tai Sin,22.335231,114.192711
tdc14p6643,Upper Ngau Tau Kok Car Park,"Upper Ngau Tau Kok Estate Car Park, 15 On Tak Road, Ngau Tau Kwok,  Kwun Tong, Kowloon",Kwun Tong,22.3184799,114.2175355
tdc32p2,Wah Fu (II) Estate,"Wah Fu Road, Aberdeen, Hong Kong",Southern,22.2531104,114.1361955
tdc14p5406,Wah Lai Car Park,"Wah Lai Estate Car Park, 282 Lai King Hill Road, Lai Chi Kok,  Kowloon",Kwai Tsing,22.3425083,114.1377182
tdstt116,Wan Po Road Car Park,"Wan Po Road, Area 85, Tseung Kwan O, New Territories",Sai Kung,22.2927389,114.274093
tdc74p5,Wan Po Road Pet Garden,Wan Po Road,Sai Kung,22.3055962,114.2691898
tdc14p1033,Wan Tsui Car Park,"Wan Tsui Commercial Complex, 2 Wah Ha Street, Chai Wan, Hong Kong",Eastern,22.261888,114.236826
tdc17p3,West Gate Open Car Park,"Project Site Office, WKCD, Kowloon, Hong Kong",Yau Tsim Mong,22.3031479,114.1555033
tdc148p1,Wing Cheong Estate Car Park,"No.20, Sai Chuen Road, Sham Shui Po",Sham Shui Po,22.3288071,114.1561111
tdstt25,Wing Lai Road,"WING LAI ROAD, SAI KUNG",Sai Kung,22.3260632,114.2492065
tdc14p4227,Wo Che Car Park F,"Wo Che Plaza, 3 Tak Hau Street, Sha Tin, New Territories",Sha Tin,22.3859414,114.1936621
tdc14p4225,Wo Che Car Park S,"Wo Che Plaza, 3 Tak Hau Street, Sha Tin, New Territories",Sha Tin,22.3887534,114.1965953
tdc67p2,Wo Hing Sports Centre,"No.8 Wo Ming Lane, Fanling",North,22.484745,114.1431274
tdc130p2,Wo Lok Estate CPA,"60, Yuet Wah Street, Kwong Tong, KLN",Kwun Tong,22.3153519,114.2280561
tdc81p7,Wo Yi Hop Road Sports Ground,"298 Wo Yi Hop Road, Kwai Chung",Kwai Tsing,22.3733717,114.1374802
tdc58p1,Wong Nai Chung Gap Children Playground,"Tai Tam Reservoir Rd, Tai Tam",Wan Chai,22.2575995,114.1937956
tdc5p3,Wu Chung House,"213 Queen's Road East, Wan Chai District, Hong Kong",Wan Chai,22.2743713,114.1724732
tdc17p1,Xiqu Centre Car Park,"88 Austin Road West, Tsim Sha Tsui, Kowloon",Yau Tsim Mong,22.3016513,114.1668258
tdc132p1,Yan Chai Hospital Visitor Carpark,"7-11 Yan Chai Street, Tsuen Wan, N.T.",Tsuen Wan,22.3698595,114.11949
tdc14p5135,Yan Ming Court Car Park,"Yan Ming Court Retail and Car Park, 100 Po Lam Road North, Tseung Kwan O, New Territories",Sai Kung,22.324448,114.259057
tdc14p6729,Yat Tung Car Park 1,"Yat Tung Shopping Centre, 8 Yat Tung Street, Tung Chung, New Territories",Islands,22.281096,113.938628
tdc14p6728,Yat Tung Car Park 2 & 3 (Sin Yat),"Yat Tung Shopping Centre, 8 Yat Tung Street, Tung Chung, New Territories",Islands,22.28116,113.935776
27,Yau Lai Shopping Centre Carpark,"LG1 & LG2, Yau Lai Shopping Centre, 9 Yau Tong, Yau Tong, Kowloon, Yau Tong, KLN",Kwun Tong District,22.2985121,114.2374009
tdc14p5727,Yin Lai Car Park,"Yin Lai Court Shopping Centre, 180 Lai King Hill Road, Kwai Chung, New Territories",Kwai Tsing,22.3487509,114.1263136
tdc14p5904,Ying Fuk Car Park,"Ying Fuk Court Retail and Car Park, 17 Wing Chuk Street, Wong Tai Sin, Kowloon",Wong Tai Sin,22.3465041,114.1955064
tdc14p5136,Ying Ming Court Car Park,"Ying Ming Court Car Park, 20 Po Lam Road North, Tseung Kwan O, New Territories",Sai Kung,22.325824,114.25679
tdc14p2106,Yiu On Car Park,"Yiu On Shopping Centre, 2 Hang Hong Street, Ma On Shan, Sha Tin, New Territories",Sha Tin,22.420482,114.230566
tdc14p1016,Yiu Tung Car Park 1,"Yiu Tung Shopping Centre, 12 Yiu Hing Road, Shau Kei Wan, Hong Kong",Eastern,22.2782179,114.2224142
tdc14p1037,Yiu Tung Car Park 2,"Yiu Tung Shopping Centre, 12 Yiu Hing Road, Shau Kei Wan, Hong Kong",Eastern,22.277303,114.225057
tdc14p4220,Yu Chui Car Park B,"Yu Chui Shopping Centre, 2 Ngau Pei Sha Street, Siu Lek Yuen, Sha Tin, New Territories",Sha Tin,22.3799934,114.2052629
tdc25p46,Yue Man Square,"33 Hip Wo Street, Kwun Tong, Kowloon",Kwun Tong,22.314483,114.224893
tdc136p1,Yung Ming Court Car Park,"5 Chi Shin Street, Tseung Kwan O,  New Territories",Sai Kung,22.3045267,114.2639546
